index,Datetime,Open,High,Low,Close,Volume,trade_counter,local_min,trigger,triggered,buy_price,local_max,sell_target,sell_signal,capital,in_trade,no_trade_capital
1461,2024-04-11,0.10303200036287308,0.10871600359678268,0.10236799716949463,0.10803700238466263,5062714,0,0.10803700238466263,0.11343885250389577,False,,,,False,1000.0,False,1000.0
1462,2024-04-12,0.08052299916744232,0.10478699952363968,0.07375700026750565,0.10303299874067307,14621692,0,0.10303299874067307,0.10818464867770672,False,,,,False,1000.0,False,953.6825019804515
1463,2024-04-13,0.065140001475811,0.0828929990530014,0.05553700029850006,0.0805170014500618,19964319,0,0.0805170014500618,0.0845428515225649,False,,,,False,1000.0,False,745.2724499276954
1464,2024-04-14,0.07337799668312073,0.07429800182580948,0.06158600002527237,0.06515700370073318,10644660,0,0.06515700370073318,0.06841485388576984,False,,,,False,1000.0,False,603.0989592690063
1465,2024-04-15,0.07175800204277039,0.0792350023984909,0.06871599704027176,0.07337699830532074,10296128,1,0.06515700370073318,0.06841485388576984,True,0.07337699830532074,,,False,1000.0,False,679.1839525875038
1466,2024-04-16,0.07412099838256836,0.07509200274944305,0.06928399950265884,0.07175800204277039,7240311,1,,,False,,0.07337699830532074,0.07227634333074093,False,977.9359158872413,True,664.1983807295771
1467,2024-04-17,0.07399900257587433,0.07670000195503235,0.07077199965715408,0.07411900162696838,8959948,1,,,False,,0.07411900162696838,0.07300721660256386,False,1010.1122059880425,True,686.0520006198415
1468,2024-04-18,0.0756400004029274,0.07625199854373932,0.07087700068950653,0.07399900257587433,8056057,1,,,False,,0.07411900162696838,0.07300721660256386,False,1008.4768290461466,True,684.9412788444741
1469,2024-04-19,0.07546500116586685,0.077844999730587,0.068682000041008,0.07563699781894684,6818599,1,,,False,,0.07563699781894684,0.07450244285166263,False,1030.7998359952294,True,700.1027069377906
1470,2024-04-20,0.08372200280427933,0.08403400331735611,0.07421299815177917,0.07542700320482254,5588640,1,,,False,,0.07563699781894684,0.07450244285166263,False,1027.937977116095,True,698.1589783125125
1471,2024-04-21,0.08278899639844894,0.08638100326061249,0.0812230035662651,0.08372200280427933,4773690,1,,,False,,0.08372200280427933,0.08246617276221514,False,1140.9842966853612,True,774.9382244630368
1472,2024-04-22,0.0858680009841919,0.08657799661159515,0.08248499780893326,0.08282399922609329,4372750,1,,,False,,0.08372200280427933,0.08246617276221514,False,1128.7460803651807,True,766.6262243300756
1473,2024-04-23,0.08541200309991837,0.08864600211381912,0.08358599990606308,0.0858670026063919,4266558,1,,,False,,0.0858670026063919,0.08457899756729603,False,1170.2168879830763,True,794.792531364994
1474,2024-04-24,0.0792979970574379,0.08754099905490875,0.07804799824953079,0.08540499955415726,5042666,1,,,False,,0.0858670026063919,0.08457899756729603,False,1163.9205953722467,True,790.5161904629233
1475,2024-04-25,0.07867000252008438,0.08034799993038177,0.07490000128746033,0.07930999994277954,3685185,1,,,False,,0.0858670026063919,0.08457899756729603,True,1080.8564233272618,True,734.1003377750021
1476,2024-04-26,0.07589100301265717,0.07885800302028656,0.07488100230693817,0.07867900282144547,3558633,1,0.07867900282144547,0.08261295296251774,False,,,,False,1080.8564233272618,False,728.2597728999473
1477,2024-04-27,0.0768980011343956,0.07779199630022049,0.07287199795246124,0.07589100301265717,4481718,1,0.07589100301265717,0.07968555316329003,False,,,,False,1080.8564233272618,False,702.4538013601066
1478,2024-04-28,0.07394099980592728,0.08016200363636017,0.07378000020980835,0.0768980011343956,5653180,1,0.07589100301265717,0.07968555316329003,False,,,,False,1080.8564233272618,False,711.7746645783682
1479,2024-04-29,0.07268500328063965,0.07506900280714035,0.07056300342082977,0.07395099848508835,3195887,1,0.07395099848508835,0.07764854840934277,False,,,,False,1080.8564233272618,False,684.4969487563895
1480,2024-04-30,0.06784100085496902,0.07344800233840942,0.06509599834680557,0.07265900075435638,4055880,1,0.07265900075435638,0.07629195079207421,False,,,,False,1080.8564233272618,False,672.5381040808232
1481,2024-05-01,0.06822100281715393,0.06884399801492691,0.06237500160932541,0.06784400343894958,5117064,1,0.06784400343894958,0.07123620361089707,False,,,,False,1080.8564233272618,False,627.9700652688693
1482,2024-05-02,0.06923499703407288,0.07025600224733353,0.0657309964299202,0.06825000047683716,2611443,1,0.06784400343894958,0.07123620361089707,False,,,,False,1080.8564233272618,False,631.7280095743031
1483,2024-05-03,0.07333499938249588,0.07390999794006348,0.06793300062417984,0.06923499703407288,2804849,1,0.06784400343894958,0.07123620361089707,False,,,,False,1080.8564233272618,False,640.8452243756603
1484,2024-05-04,0.074413001537323,0.07557400315999985,0.07304800301790237,0.07327199727296829,4626040,2,0.06784400343894958,0.07123620361089707,True,0.07327199727296829,,,False,1080.8564233272618,False,678.21205379325
1485,2024-05-05,0.07805199921131134,0.07937899976968765,0.0722149983048439,0.07441399991512299,11214735,2,,,False,,0.07441399991512299,0.07329778991639614,False,1097.7024345889881,True,688.782530731222
1486,2024-05-06,0.07570800185203552,0.08160500228404999,0.07544299960136414,0.07805199921131134,9086837,2,,,False,,0.07805199921131134,0.07688121922314167,False,1151.3676143806124,True,722.456172315939
1487,2024-05-07,0.07273700088262558,0.07811299711465836,0.07268600165843964,0.0757170021533966,9385129,2,,,False,,0.07805199921131134,0.07688121922314167,True,1116.923397456987,True,700.8432340968551
1488,2024-05-08,0.06670700013637543,0.07360900193452835,0.06576299667358398,0.07272499799728394,15861092,2,0.07272499799728394,0.07636124789714814,False,,,,False,1116.923397456987,False,673.1489803683064
1489,2024-05-09,0.06902500241994858,0.0698470026254654,0.06497199833393097,0.06672900170087814,6735128,2,0.06672900170087814,0.07006545178592205,False,,,,False,1116.923397456987,False,617.6495110748396
1490,2024-05-10,0.06546799838542938,0.070933997631073,0.06456699967384338,0.06901899725198746,9320908,2,0.06672900170087814,0.07006545178592205,False,,,,False,1116.923397456987,False,638.8459113873533
1491,2024-05-11,0.06454599648714066,0.0667399987578392,0.06447300314903259,0.06546799838542938,3181909,2,0.06546799838542938,0.06874139830470086,False,,,,False,1116.923397456987,False,605.977553434262
1492,2024-05-12,0.06296099722385406,0.0652649998664856,0.06244799867272377,0.06454599648714066,4377127,2,0.06454599648714066,0.06777329631149769,False,,,,False,1116.923397456987,False,597.4434227388733
1493,2024-05-13,0.06067200005054474,0.0640069991350174,0.05941599979996681,0.06296099722385406,9111684,2,0.06296099722385406,0.06610904708504677,False,,,,False,1116.923397456987,False,582.7725300974498
1494,2024-05-14,0.05756499990820885,0.061069998890161514,0.05722900107502937,0.06067200005054474,6307741,2,0.06067200005054474,0.06370560005307198,False,,,,False,1116.923397456987,False,561.5853708576977
1495,2024-05-15,0.06261999905109406,0.06370300054550171,0.05755599960684776,0.05755599960684776,7915483,2,0.05755599960684776,0.060433799587190154,False,,,,False,1116.923397456987,False,532.7433965811204
1496,2024-05-16,0.05804099887609482,0.06437099725008011,0.055052999407052994,0.06261800229549408,18000399,3,0.05755599960684776,0.060433799587190154,True,0.06261800229549408,,,False,1116.923397456987,False,579.5977388612143
1497,2024-05-17,0.05817199870944023,0.06025400012731552,0.05746699869632721,0.05804099887609482,4425138,3,,,False,,0.06261800229549408,0.061678732261061665,False,1035.282942284952,True,537.2325924912421
1498,2024-05-18,0.0594400018453598,0.06042899936437607,0.05806500092148781,0.05814899876713753,4100738,3,,,False,,0.06261800229549408,0.061678732261061665,False,1037.2093468460423,True,538.2322489853957
1499,2024-05-19,0.05613800138235092,0.05979499965906143,0.05548600107431412,0.0594400018453598,3101891,3,,,False,,0.06261800229549408,0.061678732261061665,False,1060.2370943211358,True,550.1818870698152
1500,2024-05-20,0.06036299839615822,0.06218300014734268,0.055270999670028687,0.05613800138235092,5332695,3,,,False,,0.06261800229549408,0.061678732261061665,False,1001.3389908948337,True,519.6182802487724
1501,2024-05-21,0.06165099889039993,0.06350500136613846,0.059349000453948975,0.06036100164055824,5252166,3,,,False,,0.06261800229549408,0.061678732261061665,False,1076.6650572487274,True,558.7067422108273
1502,2024-05-22,0.06154000014066696,0.06537199765443802,0.06029500067234039,0.06165099889039993,6648194,3,,,False,,0.06261800229549408,0.061678732261061665,False,1099.6748636651648,True,570.6470702592555
1503,2024-05-23,0.06305799633264542,0.06544400006532669,0.059703998267650604,0.061539001762866974,6143797,3,,,False,,0.06261800229549408,0.061678732261061665,False,1097.6771600080085,True,569.6104149924406
1504,2024-05-24,0.0614980012178421,0.06389600038528442,0.059369999915361404,0.06306000053882599,3734469,3,,,False,,0.06306000053882599,0.0621141005307436,False,1124.8073631140617,True,583.6889134919041
1505,2024-05-25,0.06261800229549408,0.06369099766016006,0.061402998864650726,0.0614980012178421,2656254,3,,,False,,0.06306000053882599,0.0621141005307436,False,1096.9458292985,True,569.2309103401467
1506,2024-05-26,0.06116899847984314,0.06264899671077728,0.06097500026226044,0.06263799965381622,2037637,3,,,False,,0.06306000053882599,0.0621141005307436,False,1117.2800922824133,True,579.7828361693657
1507,2024-05-27,0.06352099776268005,0.06413199752569199,0.06115199998021126,0.06117599830031395,3131313,3,,,False,,0.06306000053882599,0.0621141005307436,False,1091.2022319390792,True,566.2504230032093
1508,2024-05-28,0.0663290023803711,0.07250600308179855,0.06129699945449829,0.06352099776268005,22178310,3,,,False,,0.06352099776268005,0.06256818279623985,False,1133.0302154346375,True,587.9559443579838
1509,2024-05-29,0.06660900264978409,0.07306800037622452,0.0647059977054596,0.06632400304079056,21267989,3,,,False,,0.06632400304079056,0.0653291429951787,False,1183.0276932133613,True,613.9008078421674
1510,2024-05-30,0.07178100198507309,0.07521399855613708,0.06660900264978409,0.06661000102758408,25169063,3,,,False,,0.06661000102758408,0.06561085101217032,False,1188.1290671212648,True,616.5480303722338
1511,2024-05-31,0.06861600279808044,0.07198599725961685,0.0662740021944046,0.07198599725961685,6096076,3,,,False,,0.07198599725961685,0.0709062073007226,False,1284.0212348059258,True,666.3087245174833
1512,2024-06-01,0.0678509995341301,0.07039500027894974,0.06732700020074844,0.06860099732875824,4267644,3,,,False,,0.07198599725961685,0.0709062073007226,True,1223.642661798682,True,634.976867319091
1513,2024-06-02,0.064799003303051,0.06875299662351608,0.06429199874401093,0.06784699857234955,4286324,3,0.06784699857234955,0.07123934850096703,False,,,,False,1223.642661798682,False,627.9977884871544
1514,2024-06-03,0.06289099901914597,0.06617099791765213,0.06286700069904327,0.06479299813508987,4151103,3,0.06479299813508987,0.06803264804184438,False,,,,False,1223.642661798682,False,599.7296917253987
1515,2024-06-04,0.06317699700593948,0.06341300159692764,0.06087600067257881,0.06284800171852112,3925874,3,0.06284800171852112,0.06599040180444718,False,,,,False,1223.642661798682,False,581.7266337578733
1516,2024-06-05,0.06750400364398956,0.0678350031375885,0.06310000270605087,0.0631600022315979,3908546,3,0.06284800171852112,0.06599040180444718,False,,,,False,1223.642661798682,False,584.6145379591201
1517,2024-06-06,0.06404600292444229,0.06795399636030197,0.06375499814748764,0.06748399883508682,2665514,4,0.06284800171852112,0.06599040180444718,True,0.06748399883508682,,,False,1223.642661798682,False,624.6378309795379
1518,2024-06-07,0.058921001851558685,0.0646670013666153,0.05642800033092499,0.06404700130224228,3369687,4,,,False,,0.06748399883508682,0.06647173885256052,False,1161.3218615751664,True,592.8246794020143
1519,2024-06-08,0.05660200119018555,0.06035900115966797,0.056060999631881714,0.05892200022935867,2173262,4,,,False,,0.06748399883508682,0.06647173885256052,False,1068.3936109854305,True,545.3872185343369
1520,2024-06-09,0.05864600092172623,0.05933399870991707,0.05603000149130821,0.05658499896526337,1656353,4,,,False,,0.06748399883508682,0.06647173885256052,False,1026.0183146664806,True,523.7557292065001
1521,2024-06-10,0.05710100010037422,0.0586480014026165,0.05607299879193306,0.0586480014026165,1957699,4,,,False,,0.06748399883508682,0.06647173885256052,False,1063.4253717069041,True,542.8510612854842
1522,2024-06-11,0.053488001227378845,0.057333000004291534,0.05243799835443497,0.057133998721838,2870289,4,,,False,,0.06748399883508682,0.06647173885256052,False,1035.9729636952595,True,528.8373192585818
1523,2024-06-12,0.055080000311136246,0.05716300010681152,0.052331000566482544,0.05351199954748154,3081037,4,,,False,,0.06748399883508682,0.06647173885256052,False,970.2976512175136,True,495.3117762093547
1524,2024-06-13,0.05445199832320213,0.058646999299526215,0.05392799898982048,0.05508900061249733,5234272,4,,,False,,0.06748399883508682,0.06647173885256052,False,998.8923672119071,True,509.90863682384054
1525,2024-06-14,0.051715999841690063,0.05583599954843521,0.050039999186992645,0.05445199832320213,3762668,4,,,False,,0.06748399883508682,0.06647173885256052,False,987.3420265341142,True,504.0124875857566
1526,2024-06-15,0.05170400068163872,0.05407999828457832,0.051187001168727875,0.05169999971985817,2447737,4,,,False,,0.06748399883508682,0.06647173885256052,False,937.4418582810256,True,478.5397463711721
1527,2024-06-16,0.053787000477313995,0.05397399887442589,0.05100499838590622,0.05171800032258034,1628524,4,,,False,,0.06748399883508682,0.06647173885256052,False,937.7682512898746,True,478.70636153380013
1528,2024-06-17,0.050002001225948334,0.05394100025296211,0.04847100004553795,0.05381900072097778,2209058,4,,,False,,0.06748399883508682,0.06647173885256052,False,975.8643001950036,True,498.1534060835637
1529,2024-06-18,0.04495999962091446,0.050144001841545105,0.043196000158786774,0.04998600110411644,2853768,4,,,False,,0.06748399883508682,0.06647173885256052,False,906.3630564214802,True,462.67482437306734
1530,2024-06-19,0.047129999846220016,0.04740700125694275,0.044555000960826874,0.044961001724004745,1977050,4,,,False,,0.06748399883508682,0.06647173885256052,False,815.2480703039167,True,416.1629879726059
1531,2024-06-20,0.04727200046181679,0.05289800092577934,0.04679400101304054,0.047129999846220016,4663555,4,,,False,,0.06748399883508682,0.06647173885256052,False,854.5770769057588,True,436.2394254369907
1532,2024-06-21,0.05447499826550484,0.06278599798679352,0.04682900011539459,0.047276001423597336,22117999,4,,,False,,0.06748399883508682,0.06647173885256052,False,857.2244268235575,True,437.5908288835384
1533,2024-06-22,0.05126800015568733,0.06020500138401985,0.05019000172615051,0.054349999874830246,20007390,4,,,False,,0.06748399883508682,0.06647173885256052,False,985.4925562149336,True,503.0683809730174
1534,2024-06-23,0.05040699988603592,0.05627499893307686,0.05028599873185158,0.051259998232126236,6269195,4,,,False,,0.06748399883508682,0.06647173885256052,False,929.4636026806218,True,474.46705388600554
1535,2024-06-24,0.05083100125193596,0.051061000674963,0.0480399988591671,0.05041100084781647,3479249,4,,,False,,0.06748399883508682,0.06647173885256052,False,914.0692953317694,True,466.6086593955056
1536,2024-06-25,0.05184299871325493,0.053029000759124756,0.0508279986679554,0.0508279986679554,2358272,4,,,False,,0.06748399883508682,0.06647173885256052,False,921.6304406611382,True,470.46842790939144
1537,2024-06-26,0.05080600082874298,0.05269499868154526,0.05059799924492836,0.051858000457286835,2602126,4,,,False,,0.06748399883508682,0.06647173885256052,False,940.3067810219828,True,480.0022150989336
1538,2024-06-27,0.0511929988861084,0.05154100060462952,0.04870599880814552,0.05080400034785271,2281583,4,,,False,,0.06748399883508682,0.06647173885256052,False,921.1952950148211,True,470.24629734696384
1539,2024-06-28,0.050133999437093735,0.05197799950838089,0.05011200159788132,0.05120199918746948,2384873,4,,,False,,0.06748399883508682,0.06647173885256052,False,928.4119444118371,True,473.93020962546
1540,2024-06-29,0.04958700016140938,0.05063899978995323,0.04953400045633316,0.05013300105929375,1143964,4,,,False,,0.06748399883508682,0.06647173885256052,False,909.0285092627827,True,464.03546889237674
1541,2024-06-30,0.05146799981594086,0.05233899876475334,0.04910900071263313,0.04958999902009964,3280635,4,,,False,,0.06748399883508682,0.06647173885256052,False,899.1826128714721,True,459.00939424009454
1542,2024-07-01,0.05144999921321869,0.05393499881029129,0.05125100165605545,0.051447998732328415,3993375,4,,,False,,0.06748399883508682,0.06647173885256052,False,932.8724912535863,True,476.2072030576089
1543,2024-07-02,0.0511149987578392,0.051920998841524124,0.05007199943065643,0.051437001675367355,2018415,4,,,False,,0.06748399883508682,0.06647173885256052,False,932.6730889021538,True,476.10541333077157
1544,2024-07-03,0.04832499846816063,0.05118200182914734,0.047908999025821686,0.05111800134181976,1728933,4,,,False,,0.06748399883508682,0.06647173885256052,False,926.8888671015053,True,473.1527181753488
1545,2024-07-04,0.04433799907565117,0.048601001501083374,0.04420800134539604,0.0483039990067482,4782885,4,,,False,,0.06748399883508682,0.06647173885256052,False,875.8644262409499,True,447.10606496432774
1546,2024-07-05,0.0421609990298748,0.044328998774290085,0.037700001150369644,0.04417100176215172,3037750,4,,,False,,0.06748399883508682,0.06647173885256052,False,800.923524147353,True,408.85067881541306
1547,2024-07-06,0.04491899907588959,0.04521099850535393,0.0420060008764267,0.04217100143432617,1358817,4,,,False,,0.06748399883508682,0.06647173885256052,False,764.6588426379005,True,390.3384998056271
1548,2024-07-07,0.04165399819612503,0.04493299871683121,0.0416329987347126,0.04492500051856041,1351340,4,,,False,,0.06748399883508682,0.06647173885256052,False,814.5952842862191,True,415.82975764734977
1549,2024-07-08,0.04458500072360039,0.045191001147031784,0.04025400057435036,0.04164300113916397,2108834,4,,,False,,0.06748399883508682,0.06647173885256052,False,755.0849629367046,True,385.45128261607323
1550,2024-07-09,0.04458500072360039,0.04520300030708313,0.043977998197078705,0.0445839986205101,1363743,4,,,False,,0.06748399883508682,0.06647173885256052,False,808.4121226862617,True,412.6734140750228
1551,2024-07-10,0.04510900005698204,0.046011000871658325,0.04420100152492523,0.044592998921871185,1726843,4,,,False,,0.06748399883508682,0.06647173885256052,False,808.5753191906861,True,412.75672165633677
1552,2024-07-11,0.04521600157022476,0.04615199938416481,0.044544000178575516,0.04512900114059448,1244283,4,,,False,,0.06748399883508682,0.06647173885256052,False,818.2942924728023,True,417.71800535444305
1553,2024-07-12,0.04594799876213074,0.045993998646736145,0.04387599974870682,0.045239999890327454,1698661,4,,,False,,0.06748399883508682,0.06647173885256052,False,820.3069592964073,True,418.74541954849633
1554,2024-07-13,0.045003000646829605,0.046278998255729675,0.04456700012087822,0.045914001762866974,1259354,4,,,False,,0.06748399883508682,0.06647173885256052,False,832.5281889154019,True,424.98404018459803
1555,2024-07-14,0.04678399860858917,0.04689500108361244,0.044888999313116074,0.04501400142908096,1752683,4,,,False,,0.06748399883508682,0.06647173885256052,False,816.2090788587371,True,416.6535579061136
1556,2024-07-15,0.04931199923157692,0.0493369996547699,0.04657299816608429,0.04677300155162811,1569058,4,,,False,,0.06748399883508682,0.06647173885256052,False,848.1038632404046,True,432.9350178107885
1557,2024-07-16,0.0467430017888546,0.049497999250888824,0.04500799998641014,0.04933299869298935,4536147,4,,,False,,0.06748399883508682,0.06647173885256052,False,894.5225961300685,True,456.6305765994935
1558,2024-07-17,0.04671100154519081,0.048569001257419586,0.04642700031399727,0.04672199860215187,3163808,4,,,False,,0.06748399883508682,0.06647173885256052,False,847.1790605325924,True,432.4629300228041
1559,2024-07-18,0.045037999749183655,0.047412000596523285,0.044231001287698746,0.04670200124382973,2042155,4,,,False,,0.06748399883508682,0.06647173885256052,False,846.8164616767355,True,432.27783271465273
1560,2024-07-19,0.04609400033950806,0.04645099863409996,0.04368000105023384,0.045037999749183655,1900551,4,,,False,,0.06748399883508682,0.06647173885256052,False,816.6442245050542,True,416.87568846854117
1561,2024-07-20,0.046390000730752945,0.04663499817252159,0.04533100128173828,0.04609899967908859,1770831,4,,,False,,0.06748399883508682,0.06647173885256052,False,835.8826336214103,True,426.6963971746868
1562,2024-07-21,0.04653000086545944,0.046594999730587006,0.0440559983253479,0.04639500007033348,7256008,4,,,False,,0.06748399883508682,0.06647173885256052,False,841.2498126992457,True,429.4362028404437
1563,2024-07-22,0.04462999850511551,0.04661700129508972,0.04443499818444252,0.04652800038456917,219363469,4,,,False,,0.06748399883508682,0.06647173885256052,False,843.6614193221596,True,430.66726545140125
1564,2024-07-23,0.042351000010967255,0.04545700177550316,0.042103998363018036,0.04462999850511551,1697188,4,,,False,,0.06748399883508682,0.06647173885256052,False,809.2462081318877,True,413.09919305435454
1565,2024-07-24,0.041978999972343445,0.04376000165939331,0.0417729988694191,0.04235700145363808,1373814,4,,,False,,0.06748399883508682,0.06647173885256052,False,768.0314578156349,True,392.0601323500924
1566,2024-07-25,0.04364699870347977,0.04463699832558632,0.040460001677274704,0.041978999972343445,3208303,4,,,False,,0.06748399883508682,0.06647173885256052,False,761.1774072744757,True,388.5613173797476
1567,2024-07-26,0.044502001255750656,0.04453200101852417,0.04261099919676781,0.04364300146698952,2778968,4,,,False,,0.06748399883508682,0.06647173885256052,False,791.349644446157,True,403.96346162585917
1568,2024-07-27,0.04397200047969818,0.04601500183343887,0.04359399899840355,0.044502001255750656,2099875,4,,,False,,0.06748399883508682,0.06647173885256052,False,806.9253187711599,True,411.91443925204965
1569,2024-07-28,0.04416700080037117,0.04429199919104576,0.04317900165915489,0.043963998556137085,1578330,4,,,False,,0.06748399883508682,0.06647173885256052,False,797.1700720938136,True,406.93463892680523
1570,2024-07-29,0.045770999044179916,0.04705499857664108,0.044211000204086304,0.044211000204086304,3371799,4,,,False,,0.06748399883508682,0.06647173885256052,False,801.6487894072887,True,409.2209079133306
1571,2024-07-30,0.04339500144124031,0.04703399911522865,0.04309700056910515,0.04577400162816048,2185412,4,,,False,,0.06748399883508682,0.06647173885256052,False,829.9896591832935,True,423.68818661946455
1572,2024-07-31,0.04243599995970726,0.04407599940896034,0.04236000031232834,0.04339199885725975,1640767,4,,,False,,0.06748399883508682,0.06647173885256052,False,786.7983803422218,True,401.64015938505764
1573,2024-08-01,0.04106700047850609,0.042851999402046204,0.038366999477148056,0.042417000979185104,2160521,4,,,False,,0.06748399883508682,0.06647173885256052,False,769.1193894796495,True,392.61549323777604
1574,2024-08-02,0.038451001048088074,0.0413610003888607,0.03835900127887726,0.04107299819588661,1584578,4,,,False,,0.06748399883508682,0.06647173885256052,False,744.7494770321207,True,380.1752852198489
1575,2024-08-03,0.036605000495910645,0.039365001022815704,0.03574899956583977,0.03844999894499779,1583739,4,,,False,,0.06748399883508682,0.06647173885256052,False,697.1883686114861,True,355.89657336194574
1576,2024-08-04,0.036563001573085785,0.038339000195264816,0.034947000443935394,0.036577001214027405,1750279,4,,,False,,0.06748399883508682,0.06647173885256052,False,663.2265410874793,True,338.5599415633178
1577,2024-08-05,0.03198099881410599,0.03683200106024742,0.028286000713706017,0.036563001573085785,4314891,4,,,False,,0.06748399883508682,0.06647173885256052,False,662.9726948690907,True,338.4303596549659
1578,2024-08-06,0.03277299925684929,0.03413600102066994,0.03198099881410599,0.03198099881410599,1556319,4,,,False,,0.06748399883508682,0.06647173885256052,False,579.8902731224432,True,296.0189389579559
1579,2024-08-07,0.03411500155925751,0.03541100025177002,0.03252900019288063,0.03277700021862984,3133678,4,,,False,,0.06748399883508682,0.06647173885256052,False,594.3236394646973,True,303.386797996563
1580,2024-08-08,0.037220001220703125,0.03736000135540962,0.03376200050115585,0.03411199897527695,3464358,4,,,False,,0.06748399883508682,0.06647173885256052,False,618.5302878595797,True,315.7436639515613
1581,2024-08-09,0.038033001124858856,0.0391089990735054,0.03705599904060364,0.03722500056028366,1654079,4,,,False,,0.06748399883508682,0.06647173885256052,False,674.9762841167046,True,344.557880528239
1582,2024-08-10,0.03860900178551674,0.03899100050330162,0.03775700181722641,0.03803599998354912,1067565,4,,,False,,0.06748399883508682,0.06647173885256052,False,689.6815996008513,True,352.0645625479596
1583,2024-08-11,0.03660900145769119,0.04253000020980835,0.03659199923276901,0.03860900178551674,5102921,4,,,False,,0.06748399883508682,0.06647173885256052,False,700.0714618241692,True,357.3683176440837
1584,2024-08-12,0.03874000161886215,0.039243001490831375,0.035976000130176544,0.03660900145769119,2085346,4,,,False,,0.06748399883508682,0.06647173885256052,False,663.8067803147168,True,338.85613863429774
1585,2024-08-13,0.038277000188827515,0.039097998291254044,0.03681600093841553,0.03874000161886215,1635289,4,,,False,,0.06748399883508682,0.06647173885256052,False,702.4467950518532,True,358.5808636279031
1586,2024-08-14,0.03846200183033943,0.039163000881671906,0.03798599913716316,0.038277000188827515,2079906,4,,,False,,0.06748399883508682,0.06647173885256052,False,694.0514967286363,True,354.2952816530707
1587,2024-08-15,0.03661699965596199,0.03866099938750267,0.03582200035452843,0.03846200183033943,2230859,4,,,False,,0.06748399883508682,0.06647173885256052,False,697.4060089828666,True,356.00767312477427
1588,2024-08-16,0.0367950014770031,0.037289999425411224,0.035211000591516495,0.03661699965596199,1863826,4,,,False,,0.06748399883508682,0.06647173885256052,False,663.9518063474151,True,338.9301706612353
1589,2024-08-17,0.03908199816942215,0.04038500040769577,0.03643900156021118,0.03679199889302254,4099259,4,,,False,,0.06748399883508682,0.06647173885256052,False,667.124951625495,True,340.54997899724845
1590,2024-08-18,0.04133699834346771,0.04144600033760071,0.03804999962449074,0.039080001413822174,3811949,4,,,False,,0.06748399883508682,0.06647173885256052,False,708.6117861800846,True,361.7279316458537
1591,2024-08-19,0.04438300058245659,0.04450799897313118,0.0402970016002655,0.04134000092744827,8505892,4,,,False,,0.06748399883508682,0.06647173885256052,False,749.5908607496748,True,382.6466859961404
1592,2024-08-20,0.04294700175523758,0.04508600011467934,0.041916001588106155,0.044397998601198196,3521828,4,,,False,,0.06748399883508682,0.06647173885256052,False,805.0395075085272,True,410.9517815305575
1593,2024-08-21,0.044192999601364136,0.04707799851894379,0.04295099899172783,0.04295099899172783,5961108,4,,,False,,0.06748399883508682,0.06647173885256052,False,778.8020218183136,True,397.55822582712943
1594,2024-08-22,0.043960001319646835,0.046261001378297806,0.04382900148630142,0.044192999601364136,3795412,4,,,False,,0.06748399883508682,0.06647173885256052,False,801.32239639844,True,409.05429275070253
1595,2024-08-23,0.046959999948740005,0.04745300114154816,0.043838001787662506,0.043960001319646835,3513480,4,,,False,,0.06748399883508682,0.06647173885256052,False,797.0975928515754,True,406.89764015414386
1596,2024-08-24,0.04551900178194046,0.047488998621702194,0.04518900066614151,0.046959999948740005,2766153,4,,,False,,0.06748399883508682,0.06647173885256052,False,851.4945813416432,True,434.6658914280154
1597,2024-08-25,0.044293999671936035,0.04564899951219559,0.04373700171709061,0.04552200064063072,2565733,4,,,False,,0.06748399883508682,0.06647173885256052,False,825.4202921558541,True,421.35564330590137
1598,2024-08-26,0.04221000149846077,0.046886999160051346,0.04221000149846077,0.04427799955010414,3348367,4,,,False,,0.06748399883508682,0.06647173885256052,False,802.8636441804978,True,409.8410597551902
1599,2024-08-27,0.04134799912571907,0.04408799856901169,0.04019499942660332,0.04221000149846077,2532620,4,,,False,,0.06748399883508682,0.06647173885256052,False,765.3660049743322,True,390.69948783078297
1600,2024-08-28,0.04218599945306778,0.04491100087761879,0.04031899943947792,0.04135499894618988,6443121,4,,,False,,0.06748399883508682,0.06647173885256052,False,749.8628098915675,True,382.7855089772539
1601,2024-08-29,0.043813999742269516,0.044036999344825745,0.04190799966454506,0.042204998433589935,2451097,4,,,False,,0.06748399883508682,0.06647173885256052,False,765.2752877121459,True,390.65317902213036
1602,2024-08-30,0.04149699956178665,0.04735799878835678,0.04019799828529358,0.043813999742269516,8443971,4,,,False,,0.06748399883508682,0.06647173885256052,False,794.4502429337768,True,405.5462367075961
1603,2024-08-31,0.04100700095295906,0.04200499877333641,0.04068300127983093,0.04149699956178665,2143852,4,,,False,,0.06748399883508682,0.06647173885256052,False,752.437613018906,True,384.0998791695255
1604,2024-09-01,0.039097998291254044,0.041085999459028244,0.03898800164461136,0.04100999981164932,2411230,4,,,False,,0.06748399883508682,0.06647173885256052,False,743.6071690493719,True,379.5921666322655
1605,2024-09-02,0.04108700156211853,0.04143799841403961,0.03889299929141998,0.039096999913454056,2259892,4,,,False,,0.06748399883508682,0.06647173885256052,False,708.9200087172073,True,361.8852712541053
1606,2024-09-03,0.03941100090742111,0.041641999036073685,0.03940900042653084,0.041085999459028244,1667858,4,,,False,,0.06748399883508682,0.06647173885256052,False,744.9852203270053,True,380.29562605543913
1607,2024-09-04,0.04002299904823303,0.04066000133752823,0.0378119982779026,0.039409998804330826,1769668,4,,,False,,0.06748399883508682,0.06647173885256052,False,714.5954103321656,True,364.7824165281138
1608,2024-09-05,0.03817199915647507,0.04035300016403198,0.03765299916267395,0.04002099856734276,1688606,4,,,False,,0.06748399883508682,0.06647173885256052,False,725.674264420189,True,370.43788409501724
1609,2024-09-06,0.03642300143837929,0.03889999911189079,0.03564399853348732,0.03817199915647507,4083918,4,,,False,,0.06748399883508682,0.06647173885256052,False,692.1475825424994,True,353.3233828588169
1610,2024-09-07,0.03637700155377388,0.03771200031042099,0.0360260009765625,0.03642300143837929,1579394,4,,,False,,0.06748399883508682,0.06647173885256052,False,660.4341651369823,True,337.1345060898325
1611,2024-09-08,0.038109999150037766,0.03816400095820427,0.03632200136780739,0.03637700155377388,1795252,4,,,False,,0.06748399883508682,0.06647173885256052,False,659.6000796913563,True,336.70872711050066
1612,2024-09-09,0.04002999886870384,0.04025899991393089,0.03800699859857559,0.038109999150037766,2412510,4,,,False,,0.06748399883508682,0.06647173885256052,False,691.0233774832546,True,352.7495053439951
1613,2024-09-10,0.04142700135707855,0.04142700135707855,0.039301998913288116,0.04002999886870384,2247165,4,,,False,,0.06748399883508682,0.06647173885256052,False,725.8374609246137,True,370.5211916763313
1614,2024-09-11,0.04011800140142441,0.04142700135707855,0.039489999413490295,0.04142700135707855,1848802,4,,,False,,0.06748399883508682,0.06647173885256052,False,751.1683819269629,True,383.4519696277661
1615,2024-09-12,0.041290998458862305,0.04153300076723099,0.040091000497341156,0.040118999779224396,2013821,4,,,False,,0.06748399883508682,0.06647173885256052,False,727.4512554971316,True,371.3449919350951
1616,2024-09-13,0.0411360003054142,0.042243000119924545,0.04076400026679039,0.04129200056195259,1975471,4,,,False,,0.06748399883508682,0.06647173885256052,False,748.7205019088186,True,382.20239038967054
1617,2024-09-14,0.04043300077319145,0.04134000092744827,0.04022299870848656,0.0411360003054142,1345938,4,,,False,,0.06748399883508682,0.06647173885256052,False,745.8918525630916,True,380.7584382890471
1618,2024-09-15,0.03900400176644325,0.040904998779296875,0.038927000015974045,0.04043300077319145,1406771,4,,,False,,0.06748399883508682,0.06647173885256052,False,733.1448275838158,True,374.25141276348006
1619,2024-09-16,0.038398001343011856,0.03907199949026108,0.038107000291347504,0.03900400176644325,1245539,4,,,False,,0.06748399883508682,0.06647173885256052,False,707.2337349024511,True,361.02447222268006
1620,2024-09-17,0.03929699957370758,0.04015599936246872,0.03799600154161453,0.038398001343011856,1375766,4,,,False,,0.06748399883508682,0.06647173885256052,False,696.2455305283918,True,355.4152789828144
1621,2024-09-18,0.039799999445676804,0.03980100154876709,0.03723999857902527,0.039305999875068665,1710885,4,,,False,,0.06748399883508682,0.06647173885256052,False,712.7096666177548,True,363.81979328823644
1622,2024-09-19,0.0412760004401207,0.04237300157546997,0.03979799896478653,0.03979799896478653,2356684,4,,,False,,0.06748399883508682,0.06647173885256052,False,721.6307603012531,True,368.37378015253427
1623,2024-09-20,0.04494599997997284,0.045882999897003174,0.04094700142741203,0.0412760004401207,5964366,4,,,False,,0.06748399883508682,0.06647173885256052,False,748.4303822951999,True,382.0542918541806
1624,2024-09-21,0.04554999992251396,0.04556800052523613,0.043556999415159225,0.04494599997997284,2031066,4,,,False,,0.06748399883508682,0.06647173885256052,False,814.976053613802,True,416.0241305098776
1625,2024-09-22,0.04601899906992912,0.047644998878240585,0.04367800056934357,0.04554999992251396,7490968,4,,,False,,0.06748399883508682,0.06647173885256052,False,825.9279845926314,True,421.6148071226051
1626,2024-09-23,0.04706399887800217,0.04803000018000603,0.045090001076459885,0.04600299894809723,5691805,4,,,False,,0.06748399883508682,0.06647173885256052,False,834.1419159396978,True,425.8078059617471
1627,2024-09-24,0.04785500094294548,0.04909500107169151,0.04657699912786484,0.04706399887800217,4757100,4,,,False,,0.06748399883508682,0.06647173885256052,False,853.3803250560538,True,435.6285146678927
1628,2024-09-25,0.0480789989233017,0.04941299930214882,0.047373998910188675,0.04785500094294548,3355082,4,,,False,,0.06748399883508682,0.06647173885256052,False,867.7230416843437,True,442.95009937946196
1629,2024-09-26,0.04860199987888336,0.05179399996995926,0.04736600071191788,0.0480710007250309,9651465,4,,,False,,0.06748399883508682,0.06647173885256052,False,871.6396226940855,True,444.949412367769
1630,2024-09-27,0.04902999848127365,0.05052400007843971,0.048590999096632004,0.04860199987888336,5379388,4,,,False,,0.06748399883508682,0.06647173885256052,False,881.2678787140154,True,449.8643872572227
1631,2024-09-28,0.04969999939203262,0.05185899883508682,0.04758499935269356,0.04902999848127365,4942205,4,,,False,,0.06748399883508682,0.06647173885256052,False,889.0284939430388,True,453.82597997956066
1632,2024-09-29,0.04989200085401535,0.05040000006556511,0.048200998455286026,0.04972099885344505,2761860,4,,,False,,0.06748399883508682,0.06647173885256052,False,901.5579460991561,True,460.221940223914
1633,2024-09-30,0.04756699874997139,0.05004600062966347,0.047467999160289764,0.04989200085401535,3304565,4,,,False,,0.06748399883508682,0.06647173885256052,False,904.6586121349978,True,461.8047497872657
1634,2024-10-01,0.044769998639822006,0.04968700185418129,0.04344400018453598,0.04756699874997139,4964520,4,,,False,,0.06748399883508682,0.06647173885256052,False,862.5008886392067,True,440.28432574064266
1635,2024-10-02,0.04330199956893921,0.04703199863433838,0.04285300150513649,0.04479600116610527,3177703,4,,,False,,0.06748399883508682,0.06647173885256052,False,812.2562244537653,True,414.63572829066845
1636,2024-10-03,0.040821999311447144,0.04468199983239174,0.04050600156188011,0.04330100119113922,2944276,4,,,False,,0.06748399883508682,0.06647173885256052,False,785.1483799226955,True,400.7978769807705
1637,2024-10-04,0.04306799918413162,0.043396998196840286,0.04053099825978279,0.040821999311447144,2250016,4,,,False,,0.06748399883508682,0.06647173885256052,False,740.1982804764074,True,377.8520174606622
1638,2024-10-05,0.041721999645233154,0.04371099919080734,0.04020699858665466,0.04306799918413162,2457807,4,,,False,,0.06748399883508682,0.06647173885256052,False,780.9235088276091,True,398.64118990259703
1639,2024-10-06,0.04346099868416786,0.04363600164651871,0.04159700125455856,0.041721999645233154,2110936,4,,,False,,0.06748399883508682,0.06647173885256052,False,756.5173905330721,True,386.1824997391466
1640,2024-10-07,0.04390899837017059,0.046243999153375626,0.0433569997549057,0.043448999524116516,4422125,4,,,False,,0.06748399883508682,0.06647173885256052,False,787.8319356875023,True,402.1677625728415
1641,2024-10-08,0.043435998260974884,0.04516899958252907,0.04301900044083595,0.043901000171899796,3114553,4,,,False,,0.06748399883508682,0.06647173885256052,False,796.0277641110647,True,406.35152033922185
1642,2024-10-09,0.04226899892091751,0.04397200047969818,0.0415319986641407,0.043435998260974884,1975498,4,,,False,,0.06748399883508682,0.06647173885256052,False,787.5961923926177,True,402.04742173725134
1643,2024-10-10,0.04155400022864342,0.042761001735925674,0.04058999940752983,0.042291998863220215,1518797,4,,,False,,0.06748399883508682,0.06647173885256052,False,766.852808889434,True,391.4584626537561
1644,2024-10-11,0.04322599992156029,0.04343299940228462,0.041405998170375824,0.041558001190423965,2415316,4,,,False,,0.06748399883508682,0.06647173885256052,False,753.5437151546466,True,384.66451561158556
1645,2024-10-12,0.043542999774217606,0.04436299949884415,0.04308699816465378,0.04330600053071976,1578243,4,,,False,,0.06748399883508682,0.06647173885256052,False,785.2390296366599,True,400.8441513078083
1646,2024-10-13,0.043046001344919205,0.04370199888944626,0.041951000690460205,0.043542999774217606,1500595,4,,,False,,0.06748399883508682,0.06647173885256052,False,789.5363799739845,True,403.03783715864324
1647,2024-10-14,0.045106999576091766,0.04515799880027771,0.04275999963283539,0.043046001344919205,2557124,4,,,False,,0.06748399883508682,0.06647173885256052,False,780.524636576522,True,398.43757596730757
1648,2024-10-15,0.044119998812675476,0.04520399868488312,0.04264599829912186,0.045106999576091766,2768589,4,,,False,,0.06748399883508682,0.06647173885256052,False,817.8953526734933,True,417.5143569375388
1649,2024-10-16,0.04271500185132027,0.04419900104403496,0.0422619991004467,0.044119998812675476,1589417,4,,,False,,0.06748399883508682,0.06647173885256052,False,799.9987214395406,True,408.3785910274287
1650,2024-10-17,0.04207399860024452,0.043076999485492706,0.041510000824928284,0.04271800071001053,1898436,4,,,False,,0.06748399883508682,0.06647173885256052,False,774.5772182714493,True,395.40157323057076
1651,2024-10-18,0.04307499900460243,0.0436209999024868,0.0419979989528656,0.04208799824118614,1793952,4,,,False,,0.06748399883508682,0.06647173885256052,False,763.1538007028506,True,389.5702149466628
1652,2024-10-19,0.0432949997484684,0.04352400079369545,0.04239099845290184,0.043056998401880264,1235152,4,,,False,,0.06748399883508682,0.06647173885256052,False,780.7240389279546,True,398.5393656941449
1653,2024-10-20,0.0467349998652935,0.046755000948905945,0.043021999299526215,0.0432949997484684,4235223,4,,,False,,0.06748399883508682,0.06647173885256052,False,785.0395597370053,True,400.7423270993562
1654,2024-10-21,0.04450700059533119,0.04693099856376648,0.04437600076198578,0.0467349998652935,2382452,4,,,False,,0.06748399883508682,0.06647173885256052,False,847.414803827477,True,432.58327085839426
1655,2024-10-22,0.04519699886441231,0.04532000049948692,0.043988000601530075,0.04450700059533119,2558597,4,,,False,,0.06748399883508682,0.06647173885256052,False,807.0159684851242,True,411.9607135790875
1656,2024-10-23,0.04557500034570694,0.052104998379945755,0.044440001249313354,0.04518600180745125,33380467,4,,,False,,0.06748399883508682,0.06647173885256052,False,819.3278478180829,True,418.245608542227
1657,2024-10-24,0.04430599883198738,0.046080999076366425,0.04418899863958359,0.04594000056385994,4629194,4,,,False,,0.06748399883508682,0.06647173885256052,False,832.999607956949,True,425.22468737416364
1658,2024-10-25,0.04363400116562843,0.04554399847984314,0.04278099909424782,0.04430200159549713,4410020,4,,,False,,0.06748399883508682,0.06647173885256052,False,803.2988573750368,True,410.0632247992325
1659,2024-10-26,0.04328100010752678,0.04702100157737732,0.04291300103068352,0.04364899918437004,6836003,4,,,False,,0.06748399883508682,0.06647173885256052,False,791.4583970836253,True,404.01897702565867
1660,2024-10-27,0.04347600042819977,0.043699998408555984,0.04256200045347214,0.04328300058841705,2278306,4,,,False,,0.06748399883508682,0.06647173885256052,False,784.8219869138468,True,400.63126181814243
1661,2024-10-28,0.044009000062942505,0.04541900008916855,0.042479000985622406,0.04347600042819977,3630303,4,,,False,,0.06748399883508682,0.06647173885256052,False,788.3215252007755,True,402.4176853167836
1662,2024-10-29,0.04429899901151657,0.045747000724077225,0.043209001421928406,0.044009000062942505,3683910,4,,,False,,0.06748399883508682,0.06647173885256052,False,797.9860546159356,True,407.3511768333754
1663,2024-10-30,0.04609600082039833,0.04875800013542175,0.04405900090932846,0.04430200159549713,6486039,4,,,False,,0.06748399883508682,0.06647173885256052,False,803.2988573750368,True,410.0632247992325
1664,2024-10-31,0.04313100129365921,0.046390000730752945,0.042847998440265656,0.046091001480817795,4211412,4,,,False,,0.06748399883508682,0.06647173885256052,False,835.7376075887119,True,426.62236514774924
1665,2024-11-01,0.04277700185775757,0.04384800046682358,0.04241099953651428,0.04313100129365921,3006356,4,,,False,,0.06748399883508682,0.06647173885256052,False,782.0658843585799,True,399.22434297179524
1666,2024-11-02,0.04213700070977211,0.043258000165224075,0.04180600121617317,0.04277700185775757,1505160,4,,,False,,0.06748399883508682,0.06647173885256052,False,775.6470470119599,True,395.94769304549277
1667,2024-11-03,0.03861600160598755,0.04225499927997589,0.0370820015668869,0.04213700070977211,3848464,4,,,False,,0.06748399883508682,0.06647173885256052,False,764.0423300154329,True,390.0237861075091
1668,2024-11-04,0.03816699981689453,0.040403999388217926,0.037241000682115555,0.03861600160598755,2046876,4,,,False,,0.06748399883508682,0.06647173885256052,False,700.1983849333635,True,357.4331085982596
1669,2024-11-05,0.040004000067710876,0.04013499990105629,0.03818099945783615,0.03819100186228752,2072433,4,,,False,,0.06748399883508682,0.06647173885256052,False,692.4921460230744,True,353.4992735758214
1670,2024-11-06,0.042879000306129456,0.04370599985122681,0.039972998201847076,0.03999299928545952,3317377,4,,,False,,0.06748399883508682,0.06647173885256052,False,725.1665719834118,True,370.1787202783135
1671,2024-11-07,0.044089000672101974,0.044089000672101974,0.042587000876665115,0.042847998440265656,2548057,4,,,False,,0.06748399883508682,0.06647173885256052,False,776.9343810274071,True,396.6048436600138
1672,2024-11-08,0.04362599924206734,0.0444520004093647,0.04258900135755539,0.044089000672101974,1919229,4,,,False,,0.06748399883508682,0.06647173885256052,False,799.4366526840292,True,408.09166951082517
1673,2024-11-09,0.045226000249385834,0.04525899887084961,0.043549999594688416,0.04361400008201599,1878611,4,,,False,,0.06748399883508682,0.06647173885256052,False,790.8237815376538,True,403.695022254779
1674,2024-11-10,0.04624500125646591,0.04747999832034111,0.0440559983253479,0.04520900174975395,4284821,4,,,False,,0.06748399883508682,0.06647173885256052,False,819.744890540896,True,418.4584980318929
1675,2024-11-11,0.047603998333215714,0.04766999930143356,0.045549001544713974,0.046268001198768616,3787875,4,,,False,,0.06748399883508682,0.06647173885256052,False,838.9470262620218,True,428.26069011090044
1676,2024-11-12,0.045823998749256134,0.049761999398469925,0.04436200112104416,0.047623999416828156,7504662,4,,,False,,0.06748399883508682,0.06647173885256052,False,863.5344439844872,True,440.8119289284266
1677,2024-11-13,0.0430309996008873,0.045983001589775085,0.041078999638557434,0.04583200067281723,7765669,4,,,False,,0.06748399883508682,0.06647173885256052,False,831.0413174520781,True,424.22503088001014
1678,2024-11-14,0.04126099869608879,0.04416299983859062,0.04083000123500824,0.04306099936366081,4958480,4,,,False,,0.06748399883508682,0.06647173885256052,False,780.7965857184147,True,398.5763989484211
1679,2024-11-15,0.04400600120425224,0.04416000097990036,0.04063300043344498,0.04128799960017204,4655067,4,,,False,,0.06748399883508682,0.06647173885256052,False,748.6479551183585,True,382.16535713539434
1680,2024-11-16,0.04661000147461891,0.04661000147461891,0.04324299842119217,0.04404899850487709,4515604,4,,,False,,0.06748399883508682,0.06647173885256052,False,798.7113198758714,True,407.7214059312929
1681,2024-11-17,0.05149099975824356,0.059744998812675476,0.04436400160193443,0.04660699889063835,50258192,4,,,False,,0.06748399883508682,0.06647173885256052,False,845.0938469185272,True,431.3984825744746
1682,2024-11-18,0.05049600079655647,0.0585159994661808,0.049713000655174255,0.051582999527454376,33225673,4,,,False,,0.06748399883508682,0.06647173885256052,False,935.3203712717303,True,477.45678229570456
1683,2024-11-19,0.05157399922609329,0.05275300145149231,0.04996899887919426,0.05048299953341484,9738512,4,,,False,,0.06748399883508682,0.06647173885256052,False,915.3747998189425,True,467.275085564403
1684,2024-11-20,0.04846600070595741,0.051607001572847366,0.047912999987602234,0.051607001572847366,6789695,4,,,False,,0.06748399883508682,0.06647173885256052,False,935.7555844662694,True,477.67894733974686
1685,2024-11-21,0.05175799876451492,0.0529789999127388,0.047974999994039536,0.04846600070595741,11135429,4,,,False,,0.06748399883508682,0.06647173885256052,False,878.8018957723673,True,448.60556694636546
1686,2024-11-22,0.050971001386642456,0.051874998956918716,0.04938900098204613,0.05177000164985657,5294854,4,,,False,,0.06748399883508682,0.06647173885256052,False,938.7111569211909,True,479.1876903945462
1687,2024-11-23,0.0545010007917881,0.055052001029253006,0.05087700113654137,0.05096700042486191,8677033,4,,,False,,0.06748399883508682,0.06647173885256052,False,924.1508674697425,True,471.7550404017632
1688,2024-11-24,0.05410299822688103,0.05573999881744385,0.04982699826359749,0.054478999227285385,8468617,4,,,False,,0.06748399883508682,0.06647173885256052,False,987.8316160473875,True,504.2624103296987
1689,2024-11-25,0.05237000063061714,0.056405000388622284,0.05187299847602844,0.054097000509500504,9097549,4,,,False,,0.06748399883508682,0.06647173885256052,False,980.9050862639901,True,500.72659658669255
1690,2024-11-26,0.05285799875855446,0.05400099977850914,0.04910900071263313,0.05234599858522415,5918859,4,,,False,,0.06748399883508682,0.06647173885256052,False,949.1553279150208,True,484.51916870895525
1691,2024-11-27,0.05461300164461136,0.05546100065112114,0.05208500102162361,0.052866000682115555,7658105,4,,,False,,0.06748399883508682,0.06647173885256052,False,958.5841815835183,True,489.33235387157157
1692,2024-11-28,0.058577001094818115,0.059829000383615494,0.05398299917578697,0.05460900068283081,16485432,4,,,False,,0.06748399883508682,0.06647173885256052,False,990.1888463515673,True,505.4657152407565
1693,2024-11-29,0.05823099985718727,0.05860700085759163,0.056085001677274704,0.05857300013303757,5538228,4,,,False,,0.06748399883508682,0.06647173885256052,False,1062.0654233527748,True,542.1568429350723
1694,2024-11-30,0.05918100103735924,0.061480000615119934,0.05706299841403961,0.05825800076127052,11065536,4,,,False,,0.06748399883508682,0.06647173885256052,False,1056.3537483425864,True,539.2411810339257
1695,2024-12-01,0.0577859990298748,0.059443000704050064,0.05671200156211853,0.05920900031924248,7183538,4,,,False,,0.06748399883508682,0.06647173885256052,False,1073.5975935588415,True,548.0437166187797
1696,2024-12-02,0.057395000010728836,0.058378998190164566,0.05354300141334534,0.05797699838876724,11437677,4,,,False,,0.06748399883508682,0.06647173885256052,False,1051.2585184066436,True,536.6401983492823
1697,2024-12-03,0.06148499995470047,0.061760999262332916,0.05582499876618385,0.057399000972509384,15753611,4,,,False,,0.06748399883508682,0.06647173885256052,False,1040.7780740175835,True,531.2902034077352
1698,2024-12-04,0.06092099845409393,0.06376100331544876,0.05920400097966194,0.061427999287843704,16296234,4,,,False,,0.06748399883508682,0.06647173885256052,False,1113.8332323967697,True,568.5829663167725
1699,2024-12-05,0.06232300028204918,0.06640999764204025,0.05870100110769272,0.06092099845409393,26803637,4,,,False,,0.06748399883508682,0.06647173885256052,False,1104.640122023157,True,563.8901219897464
1700,2024-12-06,0.06669099628925323,0.06915000081062317,0.062245000153779984,0.06290200352668762,20237432,4,,,False,,0.06748399883508682,0.06647173885256052,False,1140.5603751484787,True,582.2264792457574
1701,2024-12-07,0.0653579980134964,0.06698799878358841,0.06452199816703796,0.06668400019407272,6995585,4,,,False,,0.06748399883508682,0.06647173885256052,False,1209.1368162141898,True,617.2329731682694
1702,2024-12-08,0.06598299741744995,0.06623300164937973,0.06261499971151352,0.06536500155925751,8214687,4,,,False,,0.06748399883508682,0.06647173885256052,False,1185.220287432926,True,605.024205748761
1703,2024-12-09,0.05581299960613251,0.06602499634027481,0.053442999720573425,0.06600800156593323,13405333,4,,,False,,0.06748399883508682,0.06647173885256052,False,1196.8793807481873,True,610.9758703866444
1704,2024-12-10,0.053272999823093414,0.05764399841427803,0.049187999218702316,0.05579899996519089,11214630,4,,,False,,0.06748399883508682,0.06647173885256052,False,1011.7663153003772,True,516.4804533035835
1705,2024-12-11,0.055799998342990875,0.05679300054907799,0.05088299885392189,0.05328899994492531,6415734,4,,,False,,0.06748399883508682,0.06647173885256052,False,966.2541470985775,True,493.2476722668717
1706,2024-12-12,0.06021299958229065,0.06021299958229065,0.05566500127315521,0.055803000926971436,10508755,4,,,False,,0.06748399883508682,0.06647173885256052,False,1011.8388620908373,True,516.5174865578597
1707,2024-12-13,0.07065899670124054,0.07493399828672409,0.059852998703718185,0.060155998915433884,78861065,4,,,False,,0.06748399883508682,0.06647173885256052,False,1090.7688919846364,True,556.8092189493576
1708,2024-12-14,0.078125,0.08432500064373016,0.06789600104093552,0.07063300162553787,203468437,4,,,False,,0.07063300162553787,0.0695735066011548,False,1280.7414440735045,True,653.7852778814716
1709,2024-12-15,0.07230299711227417,0.08092299848794937,0.06878899782896042,0.07791599631309509,55198322,4,,,False,,0.07791599631309509,0.07674725636839866,False,1412.7991638172061,True,721.197317523467
1710,2024-12-16,0.0664139986038208,0.07316199690103531,0.06589499861001968,0.07228600233793259,19156121,4,,,False,,0.07791599631309509,0.07674725636839866,True,1310.714211345531,True,669.0855979191311
1711,2024-12-17,0.06234399974346161,0.07198800146579742,0.06159500032663345,0.06640800088644028,22315201,4,0.06640800088644028,0.0697284009307623,False,,,,False,1310.714211345531,False,614.6782992922787
1712,2024-12-18,0.05766399949789047,0.06636899709701538,0.05766399949789047,0.062445998191833496,21360110,4,0.062445998191833496,0.06556829810142517,False,,,,False,1310.714211345531,False,578.0056537434862
1713,2024-12-19,0.06301700323820114,0.0658319965004921,0.055612001568078995,0.057642001658678055,26433680,4,0.057642001658678055,0.06052410174161196,False,,,,False,1310.714211345531,False,533.5394391399844
1714,2024-12-20,0.05881299823522568,0.06418099999427795,0.05253800004720688,0.06297700107097626,17549801,5,0.057642001658678055,0.06052410174161196,True,0.06297700107097626,,,False,1310.714211345531,False,582.9206631145546
1715,2024-12-21,0.05647699907422066,0.061347998678684235,0.05598200112581253,0.05881499871611595,15779875,5,,,False,,0.06297700107097626,0.06203234605491161,False,1224.0921820110307,True,544.396803112945
1716,2024-12-22,0.05636100098490715,0.05859899893403053,0.05487300083041191,0.056457001715898514,5712499,5,,,False,,0.06297700107097626,0.06203234605491161,False,1175.0161681339664,True,522.5709754041952
1717,2024-12-23,0.059776999056339264,0.06024099886417389,0.055167000740766525,0.05638999864459038,9456061,5,,,False,,0.06297700107097626,0.06203234605491161,False,1173.621660992091,True,521.9507890807208
1718,2024-12-24,0.061142001301050186,0.06276100128889084,0.058368999511003494,0.05979499965906143,9437187,5,,,False,,0.06297700107097626,0.06203234605491161,False,1244.4885353020202,True,553.4677780688793
1719,2024-12-25,0.06420599669218063,0.06659699976444244,0.06018900126218796,0.06113800033926964,13532862,5,,,False,,0.06297700107097626,0.06203234605491161,False,1272.4398516152842,True,565.89871053243
1720,2024-12-26,0.05880599841475487,0.06637900322675705,0.057934001088142395,0.0642080008983612,13656238,5,,,False,,0.0642080008983612,0.06324488088488579,False,1336.3345003475258,True,594.3149058296756
1721,2024-12-27,0.06938699632883072,0.06946399807929993,0.05824200063943863,0.05880599841475487,24727222,5,,,False,,0.0642080008983612,0.06324488088488579,True,1223.9048624705674,True,544.313495531631
1722,2024-12-28,0.07098300009965897,0.07844500243663788,0.06634200364351273,0.06944400072097778,79025541,5,0.06944400072097778,0.07291620075702668,False,,,,False,1223.9048624705674,False,642.7797808914063
1723,2024-12-29,0.0650470033288002,0.07205799967050552,0.06415300071239471,0.07091400027275085,16306785,5,0.06944400072097778,0.07291620075702668,False,,,,False,1223.9048624705674,False,656.3862260845002
1724,2024-12-30,0.06158699840307236,0.06833600252866745,0.06009100005030632,0.06500399857759476,12034948,5,0.06500399857759476,0.0682541985064745,False,,,,False,1223.9048624705674,False,601.6827303866679
1725,2024-12-31,0.0584460012614727,0.06299400329589844,0.05834899842739105,0.06158699840307236,6626768,5,0.06158699840307236,0.06466634832322597,False,,,,False,1223.9048624705674,False,570.0546761172957
1726,2025-01-01,0.05984099954366684,0.06005199998617172,0.05749699845910072,0.058437999337911606,5327156,5,0.058437999337911606,0.06135989930480719,False,,,,False,1223.9048624705674,False,540.9072636969767
1727,2025-01-02,0.060444001108407974,0.06289499998092651,0.05959799885749817,0.05982799828052521,12133455,5,0.058437999337911606,0.06135989930480719,False,,,,False,1223.9048624705674,False,553.7732162126208
1728,2025-01-03,0.06235799938440323,0.06301199644804001,0.05998700112104416,0.060447998344898224,11902978,5,0.058437999337911606,0.06135989930480719,False,,,,False,1223.9048624705674,False,559.5119913608384
1729,2025-01-04,0.06148499995470047,0.06266500055789948,0.061089999973773956,0.06236099824309349,13820353,6,0.058437999337911606,0.06135989930480719,True,0.06236099824309349,,,False,1223.9048624705674,False,577.2188867389985
1730,2025-01-05,0.060444001108407974,0.0614980012178421,0.05982299894094467,0.0614980012178421,11260911,6,,,False,,0.06236099824309349,0.06142558326944709,False,1206.9675733754593,True,569.2309103401467
1731,2025-01-06,0.06232599914073944,0.06276100128889084,0.06001200154423714,0.06045300140976906,14920550,6,,,False,,0.06236099824309349,0.06142558326944709,False,1186.4582745763007,True,559.558300169491
1732,2025-01-07,0.05563899874687195,0.06271299719810486,0.05544300004839897,0.0623599998652935,13247933,6,,,False,,0.06236099824309349,0.06142558326944709,False,1223.8852681812134,True,577.2096456662368
1733,2025-01-08,0.05427800118923187,0.056320998817682266,0.05206200107932091,0.0556269995868206,10488952,6,,,False,,0.06236099824309349,0.06142558326944709,False,1091.7425505852627,True,514.8884026674701
1734,2025-01-09,0.052685998380184174,0.05493900179862976,0.051141999661922455,0.05428199842572212,8994012,6,,,False,,0.06236099824309349,0.06142558326944709,False,1065.3453871742474,True,502.43895357678133
1735,2025-01-10,0.05355900153517723,0.0544390007853508,0.05169900134205818,0.052664998918771744,9101389,6,,,False,,0.06236099824309349,0.06142558326944709,False,1033.6099497225505,True,487.471863864378
1736,2025-01-11,0.051809001713991165,0.05375400185585022,0.05120300129055977,0.053560998290777206,7614760,6,,,False,,0.06236099824309349,0.06142558326944709,False,1051.1949470616446,True,495.76531288858627
1737,2025-01-12,0.050345998257398605,0.052223000675439835,0.0501209981739521,0.05181900039315224,7882556,6,,,False,,0.06236099824309349,0.06142558326944709,False,1017.0062753376022,True,479.64122707377777
1738,2025-01-13,0.049430001527071,0.05163399875164032,0.04586099833250046,0.05034700036048889,9853245,6,,,False,,0.06236099824309349,0.06142558326944709,False,988.1166159625132,True,466.0162652535457
1739,2025-01-14,0.0503849983215332,0.05115799978375435,0.04922100156545639,0.04944700002670288,8652827,6,,,False,,0.06236099824309349,0.06142558326944709,False,970.4530952399623,True,457.68578297506133
1740,2025-01-15,0.05244800075888634,0.05295399948954582,0.049665000289678574,0.050377000123262405,10122934,6,,,False,,0.06236099824309349,0.06142558326944709,False,988.7053951123969,True,466.2939456973875
1741,2025-01-16,0.051235999912023544,0.05253100022673607,0.05091400071978569,0.05245500057935715,8797060,6,,,False,,0.06236099824309349,0.06142558326944709,False,1029.4884956733645,True,485.5281007574852
1742,2025-01-17,0.053964998573064804,0.05409799888730049,0.05123300105333328,0.051235999912023544,9680659,6,,,False,,0.06236099824309349,0.06142558326944709,False,1005.5642339370685,True,474.244923323578
1743,2025-01-18,0.050294000655412674,0.0540819987654686,0.04936499893665314,0.05395299941301346,8867812,6,,,False,,0.06236099824309349,0.06142558326944709,False,1058.8884108148807,True,499.39370976728287
1744,2025-01-19,0.04395600035786629,0.05144999921321869,0.04368000105023384,0.050273001194000244,12056123,6,,,False,,0.06236099824309349,0.06142558326944709,False,986.6642989336681,True,465.3313224575102
1745,2025-01-20,0.044454000890254974,0.04831400141119957,0.04335099831223488,0.04395100101828575,12933363,6,,,False,,0.06236099824309349,0.06142558326944709,False,862.5879214928422,True,406.8143325728298
1746,2025-01-21,0.046574000269174576,0.04784100130200386,0.04272399842739105,0.04445499926805496,10356276,6,,,False,,0.06236099824309349,0.06142558326944709,False,872.4794550787001,True,411.4793847183414
1747,2025-01-22,0.04789299890398979,0.04862099885940552,0.046181999146938324,0.04658300057053566,10311495,6,,,False,,0.06236099824309349,0.06142558326944709,False,914.243878593814,True,431.17635201204706
1748,2025-01-23,0.047242000699043274,0.053828999400138855,0.046877000480890274,0.047908999025821686,34718666,6,,,False,,0.06236099824309349,0.06142558326944709,False,940.2680924899212,True,443.44991038573136
1749,2025-01-24,0.04549900069832802,0.04911100119352341,0.04537300020456314,0.04724400117993355,11964849,6,,,False,,0.06236099824309349,0.06142558326944709,False,927.2167604066492,True,437.29463181255846
1750,2025-01-25,0.04690200090408325,0.047763001173734665,0.0444829985499382,0.04552299901843071,7882601,6,,,False,,0.06236099824309349,0.06142558326944709,False,893.4401536632035,True,421.364884378663
1751,2025-01-26,0.04501799866557121,0.04920399934053421,0.04500500112771988,0.04690200090408325,8440287,6,,,False,,0.06236099824309349,0.06142558326944709,False,920.5046196075592,True,434.1290471674698
1752,2025-01-27,0.04981699958443642,0.04981699958443642,0.04273099824786186,0.04501200094819069,16692887,6,,,False,,0.06236099824309349,0.06142558326944709,False,883.4112407128067,True,416.6350412789755
1753,2025-01-28,0.04389899969100952,0.05107700079679489,0.043441999703645706,0.049789998680353165,13670419,6,,,False,,0.06236099824309349,0.06142558326944709,False,977.1848303284065,True,460.8606086929116
1754,2025-01-29,0.04614099860191345,0.04732799902558327,0.043706998229026794,0.04389899969100952,8966358,6,,,False,,0.06236099824309349,0.06142558326944709,False,861.5673368469677,True,406.3330037120838
1755,2025-01-30,0.047922998666763306,0.04828999936580658,0.04598100110888481,0.04615600034594536,8409157,6,,,False,,0.06236099824309349,0.06142558326944709,False,905.8635180178834,True,427.22400036247075
1756,2025-01-31,0.04651299864053726,0.04874400049448013,0.046383000910282135,0.047919999808073044,8603990,6,,,False,,0.06236099824309349,0.06142558326944709,False,940.4839952379166,True,443.5517345941835
1757,2025-02-01,0.044116001576185226,0.047230999916791916,0.04390300065279007,0.046514999121427536,8423670,6,,,False,,0.06236099824309349,0.06142558326944709,False,912.9092735271336,True,430.546924615811
1758,2025-02-02,0.03804599866271019,0.04493600130081177,0.03685300052165985,0.04411200061440468,8583716,6,,,False,,0.06236099824309349,0.06142558326944709,False,865.7477199902559,True,408.3045590004911
1759,2025-02-03,0.03859499841928482,0.039413001388311386,0.031137999147176743,0.038068998605012894,10783685,6,,,False,,0.06236099824309349,0.06142558326944709,False,747.1469959546504,True,352.3700006917012
1760,2025-02-04,0.03834899887442589,0.03885199874639511,0.03535100072622299,0.03859800100326538,9224700,6,,,False,,0.06236099824309349,0.06142558326944709,False,757.5292641306014,True,357.26649343563156
1761,2025-02-05,0.03835900127887726,0.040414001792669296,0.03719799965620041,0.038322001695632935,9315284,6,,,False,,0.06236099824309349,0.06142558326944709,False,752.1124667064635,True,354.7118195596408
1762,2025-02-06,0.03680000081658363,0.0406159982085228,0.03663700073957443,0.038350000977516174,9560657,6,,,False,,0.06236099824309349,0.06142558326944709,False,752.661984164619,True,354.9709833763445
1763,2025-02-07,0.036660000681877136,0.03994100168347359,0.03587299957871437,0.03679800033569336,8415056,6,,,False,,0.06236099824309349,0.06142558326944709,False,722.2022226854999,True,340.6055288786627
1764,2025-02-08,0.03901800140738487,0.03919899836182594,0.03596699982881546,0.03666599839925766,6186319,6,,,False,,0.06236099824309349,0.06142558326944709,False,719.6115359355957,True,339.38370734046686
1765,2025-02-09,0.03903000056743622,0.040088001638650894,0.03767700120806694,0.03901800140738487,6876147,6,,,False,,0.06236099824309349,0.06142558326944709,False,765.7722453419931,True,361.15405413103196
1766,2025-02-10,0.04031600058078766,0.04125000163912773,0.03778500109910965,0.039028000086545944,7173439,6,,,False,,0.06236099824309349,0.06142558326944709,False,765.9684806876143,True,361.2466027851076
1767,2025-02-11,0.04021000117063522,0.04156700149178505,0.03944699838757515,0.04031600058078766,6197437,6,,,False,,0.06236099824309349,0.06142558326944709,False,791.2469417799448,True,373.16844868801246
1768,2025-02-12,0.04198800027370453,0.042110998183488846,0.038830000907182693,0.04021099954843521,7609274,6,,,False,,0.06236099824309349,0.06142558326944709,False,789.1861781988418,True,372.1965498937587
1769,2025-02-13,0.0391709990799427,0.04225900024175644,0.03870199993252754,0.042006999254226685,6723669,6,,,False,,0.06236099824309349,0.06142558326944709,False,824.4346962604869,True,388.82048119645134
1770,2025-02-14,0.040070999413728714,0.04103099927306175,0.03907899931073189,0.0391709990799427,6544217,6,,,False,,0.06236099824309349,0.06142558326944709,False,768.7749970724939,True,362.5702140501408
1771,2025-02-15,0.03894999995827675,0.040394000709056854,0.0388140007853508,0.040070999413728714,5185943,6,,,False,,0.06236099824309349,0.06142558326944709,False,786.4385177950447,True,370.90069632862526
1772,2025-02-16,0.0381149984896183,0.039847999811172485,0.038033001124858856,0.03895900025963783,5651732,6,,,False,,0.06236099824309349,0.06142558326944709,False,764.61428133158,True,360.60793431610995
1773,2025-02-17,0.03738600015640259,0.03988000005483627,0.03713599964976311,0.03811899945139885,6195436,6,,,False,,0.06236099824309349,0.06142558326944709,False,748.1283189087965,True,352.83281292530916
1774,2025-02-18,0.03476300090551376,0.03749899938702583,0.03412099927663803,0.03738600015640259,6462747,6,,,False,,0.06236099824309349,0.06142558326944709,False,733.7423817588443,True,346.04810695590027
1775,2025-02-19,0.03554899990558624,0.03641900047659874,0.03453600034117699,0.03476300090551376,5603676,6,,,False,,0.06236099824309349,0.06142558326944709,False,682.2630657141395,True,321.7693950979971
1776,2025-02-20,0.03720200061798096,0.037335000932216644,0.035450998693704605,0.035551998764276505,6382324,6,,,False,,0.06236099824309349,0.06142558326944709,False,697.7480377804026,True,329.0724287008134
1777,2025-02-21,0.03548099845647812,0.03778399899601936,0.0347759984433651,0.03720200061798096,7074847,6,,,False,,0.06236099824309349,0.06142558326944709,False,730.1311834760857,True,344.34499103857314
1778,2025-02-22,0.03621400147676468,0.0362900011241436,0.03448700159788132,0.03547799959778786,5787106,6,,,False,,0.06236099824309349,0.06142558326944709,False,696.2957207515575,True,328.3874859047779
1779,2025-02-23,0.03577300161123276,0.036563001573085785,0.0351330004632473,0.03621400147676468,5317994,6,,,False,,0.06236099824309349,0.06142558326944709,False,710.740586995612,True,335.19998405570135
1780,2025-02-24,0.029287999495863914,0.03579699993133545,0.02893500030040741,0.03577300161123276,9809687,6,,,False,,0.06236099824309349,0.06142558326944709,False,702.0854676906038,True,331.11805049777314
1781,2025-02-25,0.029044000431895256,0.030160000547766685,0.026690000668168068,0.02928899973630905,11299604,6,,,False,,0.06236099824309349,0.06142558326944709,False,574.8296243499899,True,271.10155863105507
1782,2025-02-26,0.028095999732613564,0.029433000832796097,0.02685300074517727,0.029041999951004982,7891161,6,,,False,,0.06236099824309349,0.06142558326944709,False,569.9819752298715,True,268.8153068853371
1783,2025-02-27,0.029107000678777695,0.03243499994277954,0.027938999235630035,0.028095999732613564,16736131,6,,,False,,0.06236099824309349,0.06142558326944709,False,551.4156549366312,True,260.0590456275209
1784,2025-02-28,0.029027000069618225,0.029159000143408775,0.026938999071717262,0.029107000678777695,9128582,6,,,False,,0.06236099824309349,0.06142558326944709,False,571.2576877589595,True,269.416959340866
1785,2025-03-01,0.029022999107837677,0.02971399948000908,0.02836799994111061,0.029025999829173088,6235758,6,,,False,,0.06236099824309349,0.06142558326944709,False,569.6679548090656,True,268.66720834984716
1786,2025-03-02,0.03127399832010269,0.031321000307798386,0.028919000178575516,0.029047999531030655,10072400,6,,,False,,0.06236099824309349,0.06142558326944709,False,570.0997237485462,True,268.870839525944
1787,2025-03-03,0.02722500078380108,0.03127700090408325,0.026511000469326973,0.03127399832010269,7963397,6,,,False,,0.06236099824309349,0.06142558326944709,False,613.7874583672042,True,289.4748801781127
1788,2025-03-04,0.02762099914252758,0.027691999450325966,0.024979999288916588,0.02721799910068512,6757586,6,,,False,,0.06236099824309349,0.06142558326944709,False,534.1839031535611,True,251.93219452513333
1789,2025-03-05,0.027754999697208405,0.02796800062060356,0.02652899920940399,0.02762099914252758,7010480,6,,,False,,0.06236099824309349,0.06142558326944709,False,542.0932330982828,True,255.66239837147472
1790,2025-03-06,0.027327999472618103,0.029239999130368233,0.027261000126600266,0.027754999697208405,5703067,6,,,False,,0.06236099824309349,0.06142558326944709,False,544.7231449834052,True,256.9027192960013
1791,2025-03-07,0.02747100032866001,0.028392000123858452,0.026079999282956123,0.027327999472618103,6334749,6,,,False,,0.06236099824309349,0.06142558326944709,False,536.3427844074747,True,252.95036764642498
1792,2025-03-08,0.027713999152183533,0.027993999421596527,0.02655399963259697,0.02747100032866001,4527902,6,,,False,,0.06236099824309349,0.06142558326944709,False,539.1493373488643,True,254.27399615226557
1793,2025-03-09,0.025093000382184982,0.027979999780654907,0.024847999215126038,0.027713999152183533,5188402,6,,,False,,0.06236099824309349,0.06142558326944709,False,543.9184630855261,True,256.5232146437073
1794,2025-03-10,0.023823000490665436,0.026342999190092087,0.023149000480771065,0.025092000141739845,5822861,6,,,False,,0.06236099824309349,0.06142558326944709,False,492.45877788668554,True,232.25376109937318
1795,2025-03-11,0.025668999180197716,0.026259999722242355,0.02264999970793724,0.023824000731110573,6651748,6,,,False,,0.06236099824309349,0.06142558326944709,False,467.57286059861747,True,220.51704698623445
1796,2025-03-12,0.02611199952661991,0.026139000430703163,0.024500999599695206,0.025668999180197716,5332297,6,,,False,,0.06236099824309349,0.06142558326944709,False,503.7830342120345,True,237.59451496815865
1797,2025-03-13,0.03172700107097626,0.039069999009370804,0.02554900012910366,0.02611199952661991,78203270,6,,,False,,0.06236099824309349,0.06142558326944709,False,512.477415208771,True,241.69496515322493
1798,2025-03-14,0.0302559994161129,0.035349998623132706,0.029286999255418777,0.03172700107097626,44751472,6,,,False,,0.06236099824309349,0.06142558326944709,False,622.678147822582,True,293.66791349886944
1799,2025-03-15,0.03056900016963482,0.03164900094270706,0.029826000332832336,0.030256999656558037,16428682,6,,,False,,0.06236099824309349,0.06142558326944709,False,593.827713582711,True,280.06145106496814
1800,2025-03-16,0.02868800051510334,0.030665000900626183,0.028080999851226807,0.03057200089097023,8588525,6,,,False,,0.06236099824309349,0.06142558326944709,False,600.0099677695098,True,282.9771302069221
1801,2025-03-17,0.02848299965262413,0.029844999313354492,0.028272999450564384,0.028687000274658203,8583209,6,,,False,,0.06236099824309349,0.06142558326944709,False,563.0147065475678,True,265.5293986454656
1802,2025-03-18,0.029020000249147415,0.029061000794172287,0.026415999978780746,0.028488999232649803,8642672,6,,,False,,0.06236099824309349,0.06142558326944709,False,559.1287129792215,True,263.6966835789792
1803,2025-03-19,0.029277000576257706,0.029286999255418777,0.02760699950158596,0.028992999345064163,9875072,6,,,False,,0.06236099824309349,0.06142558326944709,False,569.0202831215895,True,268.3617529652982
1804,2025-03-20,0.029329000040888786,0.03269699960947037,0.02857699990272522,0.029277000576257706,20645487,6,,,False,,0.06236099824309349,0.06142558326944709,False,574.5941273126405,True,270.9904933498413
1805,2025-03-21,0.029430000111460686,0.03068399988114834,0.028263000771403313,0.029329000040888786,7561213,6,,,False,,0.06236099824309349,0.06142558326944709,False,575.6146754020049,True,271.47180496977995
1806,2025-03-22,0.029740000143647194,0.03033200092613697,0.029417000710964203,0.02942899987101555,6127178,6,,,False,,0.06236099824309349,0.06142558326944709,False,577.5772847537872,True,272.3974121961885
1807,2025-03-23,0.029366999864578247,0.029874000698328018,0.02857399918138981,0.029740000143647194,5511279,6,,,False,,0.06236099824309349,0.06142558326944709,False,583.6810155571294,True,275.2760580838663
1808,2025-03-24,0.029462000355124474,0.03007500059902668,0.029030000790953636,0.029366999864578247,6151923,6,,,False,,0.06236099824309349,0.06142558326944709,False,576.3604647622916,True,271.82353468136677
1809,2025-03-25,0.03005100041627884,0.030326999723911285,0.029353000223636627,0.02946699969470501,5846956,6,,,False,,0.06236099824309349,0.06142558326944709,False,578.3230741140738,True,272.7491419077753
1810,2025-03-26,0.0285630002617836,0.030584000051021576,0.028303999453783035,0.030050000175833702,6271823,6,,,False,,0.06236099824309349,0.06142558326944709,False,589.7651155146076,True,278.1454456579751
1811,2025-03-27,0.027566999197006226,0.029124999418854713,0.027529999613761902,0.028562000021338463,5628120,6,,,False,,0.06236099824309349,0.06142558326944709,False,560.5614357187126,True,264.37238530225306
1812,2025-03-28,0.02631700038909912,0.028787000104784966,0.025947000831365585,0.027588000521063805,7363781,6,,,False,,0.06236099824309349,0.06142558326944709,False,541.4455979673166,True,255.35696022773314
1813,2025-03-29,0.025679999962449074,0.027132000774145126,0.02509699948132038,0.02631700038909912,5996580,6,,,False,,0.06236099824309349,0.06142558326944709,False,516.5007881416562,True,243.59247117388728
1814,2025-03-30,0.02608500048518181,0.026246000081300735,0.02495099976658821,0.025679999962449074,4523438,6,,,False,,0.06236099824309349,0.06142558326944709,False,503.9989369600299,True,237.69633917661076
1815,2025-03-31,0.02570199966430664,0.026195000857114792,0.025005999952554703,0.026088999584317207,5596924,6,,,False,,0.06236099824309349,0.06142558326944709,False,512.0260154234262,True,241.48207566355902
1816,2025-04-01,0.02506300061941147,0.02681099995970726,0.024894999340176582,0.025700999423861504,5432557,6,,,False,,0.06236099824309349,0.06142558326944709,False,504.41107505364647,True,237.89071203913855
1817,2025-04-02,0.02349499985575676,0.025474999099969864,0.02302899956703186,0.02506200037896633,6060721,6,,,False,,0.06236099824309349,0.06142558326944709,False,491.86999873680185,True,231.97608065553135
1818,2025-04-03,0.022492000833153725,0.024157999083399773,0.021890999749302864,0.023493999615311623,5316897,6,,,False,,0.06236099824309349,0.06142558326944709,False,461.0962168368769,True,217.46252762235957
1819,2025-04-04,0.022912999615073204,0.023423999547958374,0.022034000605344772,0.022492000833153725,5737839,6,,,False,,0.06236099824309349,0.06142558326944709,False,441.4308616273256,True,208.1879387311359
1820,2025-04-05,0.02260800078511238,0.023919999599456787,0.022352000698447227,0.02291399985551834,4320165,6,,,False,,0.06236099824309349,0.06142558326944709,False,449.7130679739355,True,212.09399881286697
1821,2025-04-06,0.020121000707149506,0.022908000275492668,0.019487999379634857,0.022606000304222107,5379653,6,,,False,,0.06236099824309349,0.06142558326944709,False,443.66822970818566,True,209.2431278658963
1822,2025-04-07,0.02040800079703331,0.021064000204205513,0.018366999924182892,0.020121000707149506,9166454,6,,,False,,0.06236099824309349,0.06142558326944709,False,394.8973123755498,True,186.24175294598848
1823,2025-04-08,0.01990799978375435,0.022146999835968018,0.019857000559568405,0.020424000918865204,6107673,6,,,False,,0.06236099824309349,0.06142558326944709,False,400.8440329684891,True,189.0463495659213
1824,2025-04-09,0.022075999528169632,0.022450000047683716,0.01923999935388565,0.01990799978375435,6949035,6,,,False,,0.06236099824309349,0.06142558326944709,False,390.7169292322617,True,184.27019765758115
1825,2025-04-10,0.02139499969780445,0.022126000374555588,0.020371999591588974,0.022075999528169632,4838614,6,,,False,,0.06236099824309349,0.06142558326944709,False,433.26636724288045,True,204.3373940492043
1826,2025-04-11,0.021501654759049416,0.02208942361176014,0.02136487513780594,0.02138892561197281,4829634,6,,,False,,0.06236099824309349,0.06142558326944709,False,419.78176740321834,True,197.97777742683155
